Workbook

Sheet Data
A1: DateBag | B1: Site | C1: ID | D1: Week | E1: Station | F1: TreatmentNr | G1: DateSorting | H1: SorterID | I1: SpeciesTreatmentNr | J1: Species | K1: NbSeedStart | L1: SeedsCount | M1: DamagedSeedsCount | N1: SignsPredation | O1: Notes
A2: 45556 | B2: NEU | C2: MD | D2: 1 | E2: 1 | F2: 1 | G2: 45556 | H2: CW | I2: 2 | J2: Fagus sylvatica | K2: =IF(J2=Legend!$A$66,Legend!$B$66,(IF(J2=Legend!$A$67,Legend!$B$67,IF(J2=Legend!$A$68, Legend!$B$68, IF(J2=Legend!$A$69, Legend!$B$69, IF(J2=Legend!$A$70, Legend!$B$70, IF(J2=Legend!$A$71, Legend!$B$71, IF(J2=Legend!$A$72, Legend!$B$72, (IF(J2=Legend!$A$73, Legend!$B$73, IF(J2=Legend!$A$74, Legend!$B$74, ""))))))))))) -> 5 | L2: 5
A3: 45556 | B3: NEU | C3: MD | D3: 1 | E3: 1 | F3: 1 | G3: 45556 | H3: CW | I3: 2 | J3: Acer pseudoplatanus | K3: =IF(J3=Legend!$A$66,Legend!$B$66,(IF(J3=Legend!$A$67,Legend!$B$67,IF(J3=Legend!$A$68, Legend!$B$68, IF(J3=Legend!$A$69, Legend!$B$69, IF(J3=Legend!$A$70, Legend!$B$70, IF(J3=Legend!$A$71, Legend!$B$71, IF(J3=Legend!$A$72, Legend!$B$72, (IF(J3=Legend!$A$73, Legend!$B$73, IF(J3=Legend!$A$74, Legend!$B$74, ""))))))))))) -> 9 | L3: 9
A4: 45556 | B4: NEU | C4: MD | D4: 1 | E4: 1 | F4: 1 | G4: 45556 | H4: CW | I4: 2 | J4: Tillia cordata | K4: =IF(J4=Legend!$A$66,Legend!$B$66,(IF(J4=Legend!$A$67,Legend!$B$67,IF(J4=Legend!$A$68, Legend!$B$68, IF(J4=Legend!$A$69, Legend!$B$69, IF(J4=Legend!$A$70, Legend!$B$70, IF(J4=Legend!$A$71, Legend!$B$71, IF(J4=Legend!$A$72, Legend!$B$72, (IF(J4=Legend!$A$73, Legend!$B$73, IF(J4=Legend!$A$74, Legend!$B$74, ""))))))))))) -> 35 | L4: 36 | M4: 2 | N4: Crack | O4: 1 extra seed
A5: 45556 | B5: NEU | C5: MD | D5: 1 | E5: 1 | F5: 2 | G5: 45556 | H5: CW | I5: 2 | J5: Fagus sylvatica | K5: =IF(J5=Legend!$A$66,Legend!$B$66,(IF(J5=Legend!$A$67,Legend!$B$67,IF(J5=Legend!$A$68, Legend!$B$68, IF(J5=Legend!$A$69, Legend!$B$69, IF(J5=Legend!$A$70, Legend!$B$70, IF(J5=Legend!$A$71, Legend!$B$71, IF(J5=Legend!$A$72, Legend!$B$72, (IF(J5=Legend!$A$73, Legend!$B$73, IF(J5=Legend!$A$74, Legend!$B$74, ""))))))))))) -> 5 | L5: 5
A6: 45556 | B6: NEU | C6: MD | D6: 1 | E6: 1 | F6: 2 | G6: 45556 | H6: CW | I6: 2 | J6: Acer pseudoplatanus | K6: =IF(J6=Legend!$A$66,Legend!$B$66,(IF(J6=Legend!$A$67,Legend!$B$67,IF(J6=Legend!$A$68, Legend!$B$68, IF(J6=Legend!$A$69, Legend!$B$69, IF(J6=Legend!$A$70, Legend!$B$70, IF(J6=Legend!$A$71, Legend!$B$71, IF(J6=Legend!$A$72, Legend!$B$72, (IF(J6=Legend!$A$73, Legend!$B$73, IF(J6=Legend!$A$74, Legend!$B$74, ""))))))))))) -> 9 | L6: 9 | M6: 2 | N6: Hole and Crack
A7: 45556 | B7: NEU | C7: MD | D7: 1 | E7: 1 | F7: 2 | G7: 45556 | H7: CW | I7: 2 | J7: Tillia cordata | K7: =IF(J7=Legend!$A$66,Legend!$B$66,(IF(J7=Legend!$A$67,Legend!$B$67,IF(J7=Legend!$A$68, Legend!$B$68, IF(J7=Legend!$A$69, Legend!$B$69, IF(J7=Legend!$A$70, Legend!$B$70, IF(J7=Legend!$A$71, Legend!$B$71, IF(J7=Legend!$A$72, Legend!$B$72, (IF(J7=Legend!$A$73, Legend!$B$73, IF(J7=Legend!$A$74, Legend!$B$74, ""))))))))))) -> 35 | L7: 35 | M7: 2 | N7: Crack
A8: 45556 | B8: NEU | C8: MD | D8: 1 | E8: 3 | F8: 1 | G8: 45556 | H8: CW | I8: 2 | J8: Fagus sylvatica | K8: =IF(J8=Legend!$A$66,Legend!$B$66,(IF(J8=Legend!$A$67,Legend!$B$67,IF(J8=Legend!$A$68, Legend!$B$68, IF(J8=Legend!$A$69, Legend!$B$69, IF(J8=Legend!$A$70, Legend!$B$70, IF(J8=Legend!$A$71, Legend!$B$71, IF(J8=Legend!$A$72, Legend!$B$72, (IF(J8=Legend!$A$73, Legend!$B$73, IF(J8=Legend!$A$74, Legend!$B$74, ""))))))))))) -> 5 | L8: 5
A9: 45556 | B9: NEU | C9: MD | D9: 1 | E9: 3 | F9: 1 | G9: 45556 | H9: CW | I9: 2 | J9: Acer pseudoplatanus | K9: =IF(J9=Legend!$A$66,Legend!$B$66,(IF(J9=Legend!$A$67,Legend!$B$67,IF(J9=Legend!$A$68, Legend!$B$68, IF(J9=Legend!$A$69, Legend!$B$69, IF(J9=Legend!$A$70, Legend!$B$70, IF(J9=Legend!$A$71, Legend!$B$71, IF(J9=Legend!$A$72, Legend!$B$72, (IF(J9=Legend!$A$73, Legend!$B$73, IF(J9=Legend!$A$74, Legend!$B$74, ""))))))))))) -> 9 | L9: 9
A10: 45556 | B10: NEU | C10: MD | D10: 1 | E10: 3 | F10: 1 | G10: 45556 | H10: CW | I10: 2 | J10: Tillia cordata | K10: =IF(J10=Legend!$A$66,Legend!$B$66,(IF(J10=Legend!$A$67,Legend!$B$67,IF(J10=Legend!$A$68, Legend!$B$68, IF(J10=Legend!$A$69, Legend!$B$69, IF(J10=Legend!$A$70, Legend!$B$70, IF(J10=Legend!$A$71, Legend!$B$71, IF(J10=Legend!$A$72, Legend!$B$72, (IF(J10=Legend!$A$73, Legend!$B$73, IF(J10=Legend!$A$74, Legend!$B$74, ""))))))))))) -> 35 | L10: 35
A11: 45556 | B11: NEU | C11: MD | D11: 1 | E11: 3 | F11: 2 | G11: 45556 | H11: CW | I11: 2 | J11: Fagus sylvatica | K11: =IF(J11=Legend!$A$66,Legend!$B$66,(IF(J11=Legend!$A$67,Legend!$B$67,IF(J11=Legend!$A$68, Legend!$B$68, IF(J11=Legend!$A$69, Legend!$B$69, IF(J11=Legend!$A$70, Legend!$B$70, IF(J11=Legend!$A$71, Legend!$B$71, IF(J11=Legend!$A$72, Legend!$B$72, (IF(J11=Legend!$A$73, Legend!$B$73, IF(J11=Legend!$A$74, Legend!$B$74, ""))))))))))) -> 5 | L11: 5
A12: 45556 | B12: NEU | C12: MD | D12: 1 | E12: 3 | F12: 2 | G12: 45556 | H12: CW | I12: 2 | J12: Acer pseudoplatanus | K12: =IF(J12=Legend!$A$66,Legend!$B$66,(IF(J12=Legend!$A$67,Legend!$B$67,IF(J12=Legend!$A$68, Legend!$B$68, IF(J12=Legend!$A$69, Legend!$B$69, IF(J12=Legend!$A$70, Legend!$B$70, IF(J12=Legend!$A$71, Legend!$B$71, IF(J12=Legend!$A$72, Legend!$B$72, (IF(J12=Legend!$A$73, Legend!$B$73, IF(J12=Legend!$A$74, Legend!$B$74, ""))))))))))) -> 9 | L12: 9
A13: 45556 | B13: NEU | C13: MD | D13: 1 | E13: 3 | F13: 2 | G13: 45556 | H13: CW | I13: 2 | J13: Tillia cordata | K13: =IF(J13=Legend!$A$66,Legend!$B$66,(IF(J13=Legend!$A$67,Legend!$B$67,IF(J13=Legend!$A$68, Legend!$B$68, IF(J13=Legend!$A$69, Legend!$B$69, IF(J13=Legend!$A$70, Legend!$B$70, IF(J13=Legend!$A$71, Legend!$B$71, IF(J13=Legend!$A$72, Legend!$B$72, (IF(J13=Legend!$A$73, Legend!$B$73, IF(J13=Legend!$A$74, Legend!$B$74, ""))))))))))) -> 35 | L13: 35 | M13: 4 | N13: Crack
A14: 45556 | B14: NEU | C14: MD | D14: 1 | E14: 4 | F14: 1 | G14: 45556 | H14: CW | I14: 2 | J14: Fagus sylvatica | K14: =IF(J14=Legend!$A$66,Legend!$B$66,(IF(J14=Legend!$A$67,Legend!$B$67,IF(J14=Legend!$A$68, Legend!$B$68, IF(J14=Legend!$A$69, Legend!$B$69, IF(J14=Legend!$A$70, Legend!$B$70, IF(J14=Legend!$A$71, Legend!$B$71, IF(J14=Legend!$A$72, Legend!$B$72, (IF(J14=Legend!$A$73, Legend!$B$73, IF(J14=Legend!$A$74, Legend!$B$74, ""))))))))))) -> 5 | L14: 5
A15: 45556 | B15: NEU | C15: MD | D15: 1 | E15: 4 | F15: 1 | G15: 45556 | H15: CW | I15: 2 | J15: Acer pseudoplatanus | K15: =IF(J15=Legend!$A$66,Legend!$B$66,(IF(J15=Legend!$A$67,Legend!$B$67,IF(J15=Legend!$A$68, Legend!$B$68, IF(J15=Legend!$A$69, Legend!$B$69, IF(J15=Legend!$A$70, Legend!$B$70, IF(J15=Legend!$A$71, Legend!$B$71, IF(J15=Legend!$A$72, Legend!$B$72, (IF(J15=Legend!$A$73, Legend!$B$73, IF(J15=Legend!$A$74, Legend!$B$74, ""))))))))))) -> 9 | L15: 9 | M15: 1 | N15: Crack
A16: 45556 | B16: NEU | C16: MD | D16: 1 | E16: 4 | F16: 1 | G16: 45556 | H16: CW | I16: 2 | J16: Tillia cordata | K16: =IF(J16=Legend!$A$66,Legend!$B$66,(IF(J16=Legend!$A$67,Legend!$B$67,IF(J16=Legend!$A$68, Legend!$B$68, IF(J16=Legend!$A$69, Legend!$B$69, IF(J16=Legend!$A$70, Legend!$B$70, IF(J16=Legend!$A$71, Legend!$B$71, IF(J16=Legend!$A$72, Legend!$B$72, (IF(J16=Legend!$A$73, Legend!$B$73, IF(J16=Legend!$A$74, Legend!$B$74, ""))))))))))) -> 35 | L16: 35
A17: 45556 | B17: NEU | C17: MD | D17: 1 | E17: 4 | F17: 2 | G17: 45556 | H17: CW | I17: 2 | J17: Fagus sylvatica | K17: =IF(J17=Legend!$A$66,Legend!$B$66,(IF(J17=Legend!$A$67,Legend!$B$67,IF(J17=Legend!$A$68, Legend!$B$68, IF(J17=Legend!$A$69, Legend!$B$69, IF(J17=Legend!$A$70, Legend!$B$70, IF(J17=Legend!$A$71, Legend!$B$71, IF(J17=Legend!$A$72, Legend!$B$72, (IF(J17=Legend!$A$73, Legend!$B$73, IF(J17=Legend!$A$74, Legend!$B$74, ""))))))))))) -> 5 | L17: 5
A18: 45556 | B18: NEU | C18: MD | D18: 1 | E18: 4 | F18: 2 | G18: 45556 | H18: CW | I18: 2 | J18: Acer pseudoplatanus | K18: =IF(J18=Legend!$A$66,Legend!$B$66,(IF(J18=Legend!$A$67,Legend!$B$67,IF(J18=Legend!$A$68, Legend!$B$68, IF(J18=Legend!$A$69, Legend!$B$69, IF(J18=Legend!$A$70, Legend!$B$70, IF(J18=Legend!$A$71, Legend!$B$71, IF(J18=Legend!$A$72, Legend!$B$72, (IF(J18=Legend!$A$73, Legend!$B$73, IF(J18=Legend!$A$74, Legend!$B$74, ""))))))))))) -> 9 | L18: 9
A19: 45556 | B19: NEU | C19: MD | D19: 1 | E19: 4 | F19: 2 | G19: 45556 | H19: CW | I19: 2 | J19: Tillia cordata | K19: =IF(J19=Legend!$A$66,Legend!$B$66,(IF(J19=Legend!$A$67,Legend!$B$67,IF(J19=Legend!$A$68, Legend!$B$68, IF(J19=Legend!$A$69, Legend!$B$69, IF(J19=Legend!$A$70, Legend!$B$70, IF(J19=Legend!$A$71, Legend!$B$71, IF(J19=Legend!$A$72, Legend!$B$72, (IF(J19=Legend!$A$73, Legend!$B$73, IF(J19=Legend!$A$74, Legend!$B$74, ""))))))))))) -> 35 | L19: 35 | M19: 2 | N19: Crack
A20: 45556 | B20: NEU | C20: MD | D20: 1 | E20: 5 | F20: 1 | G20: 45556 | H20: CW | I20: 2 | J20: Fagus sylvatica | K20: =IF(J20=Legend!$A$66,Legend!$B$66,(IF(J20=Legend!$A$67,Legend!$B$67,IF(J20=Legend!$A$68, Legend!$B$68, IF(J20=Legend!$A$69, Legend!$B$69, IF(J20=Legend!$A$70, Legend!$B$70, IF(J20=Legend!$A$71, Legend!$B$71, IF(J20=Legend!$A$72, Legend!$B$72, (IF(J20=Legend!$A$73, Legend!$B$73, IF(J20=Legend!$A$74, Legend!$B$74, ""))))))))))) -> 5 | L20: 5
A21: 45556 | B21: NEU | C21: MD | D21: 1 | E21: 5 | F21: 1 | G21: 45556 | H21: CW | I21: 2 | J21: Acer pseudoplatanus | K21: =IF(J21=Legend!$A$66,Legend!$B$66,(IF(J21=Legend!$A$67,Legend!$B$67,IF(J21=Legend!$A$68, Legend!$B$68, IF(J21=Legend!$A$69, Legend!$B$69, IF(J21=Legend!$A$70, Legend!$B$70, IF(J21=Legend!$A$71, Legend!$B$71, IF(J21=Legend!$A$72, Legend!$B$72, (IF(J21=Legend!$A$73, Legend!$B$73, IF(J21=Legend!$A$74, Legend!$B$74, ""))))))))))) -> 9 | L21: 9
A22: 45556 | B22: NEU | C22: MD | D22: 1 | E22: 5 | F22: 1 | G22: 45556 | H22: CW | I22: 2 | J22: Tillia cordata | K22: =IF(J22=Legend!$A$66,Legend!$B$66,(IF(J22=Legend!$A$67,Legend!$B$67,IF(J22=Legend!$A$68, Legend!$B$68, IF(J22=Legend!$A$69, Legend!$B$69, IF(J22=Legend!$A$70, Legend!$B$70, IF(J22=Legend!$A$71, Legend!$B$71, IF(J22=Legend!$A$72, Legend!$B$72, (IF(J22=Legend!$A$73, Legend!$B$73, IF(J22=Legend!$A$74, Legend!$B$74, ""))))))))))) -> 35 | L22: 35 | M22: 1 | N22: Crack
A23: 45556 | B23: NEU | C23: MD | D23: 1 | E23: 5 | F23: 2 | G23: 45556 | H23: CW | I23: 2 | J23: Fagus sylvatica | K23: =IF(J23=Legend!$A$66,Legend!$B$66,(IF(J23=Legend!$A$67,Legend!$B$67,IF(J23=Legend!$A$68, Legend!$B$68, IF(J23=Legend!$A$69, Legend!$B$69, IF(J23=Legend!$A$70, Legend!$B$70, IF(J23=Legend!$A$71, Legend!$B$71, IF(J23=Legend!$A$72, Legend!$B$72, (IF(J23=Legend!$A$73, Legend!$B$73, IF(J23=Legend!$A$74, Legend!$B$74, ""))))))))))) -> 5 | L23: 5
A24: 45556 | B24: NEU | C24: MD | D24: 1 | E24: 5 | F24: 2 | G24: 45556 | H24: CW | I24: 2 | J24: Acer pseudoplatanus | K24: =IF(J24=Legend!$A$66,Legend!$B$66,(IF(J24=Legend!$A$67,Legend!$B$67,IF(J24=Legend!$A$68, Legend!$B$68, IF(J24=Legend!$A$69, Legend!$B$69, IF(J24=Legend!$A$70, Legend!$B$70, IF(J24=Legend!$A$71, Legend!$B$71, IF(J24=Legend!$A$72, Legend!$B$72, (IF(J24=Legend!$A$73, Legend!$B$73, IF(J24=Legend!$A$74, Legend!$B$74, ""))))))))))) -> 9 | L24: 10 | M24: 1 | N24: Crack | O24: 1 extra seed
A25: 45556 | B25: NEU | C25: MD | D25: 1 | E25: 5 | F25: 2 | G25: 45556 | H25: CW | I25: 2 | J25: Tillia cordata | K25: =IF(J25=Legend!$A$66,Legend!$B$66,(IF(J25=Legend!$A$67,Legend!$B$67,IF(J25=Legend!$A$68, Legend!$B$68, IF(J25=Legend!$A$69, Legend!$B$69, IF(J25=Legend!$A$70, Legend!$B$70, IF(J25=Legend!$A$71, Legend!$B$71, IF(J25=Legend!$A$72, Legend!$B$72, (IF(J25=Legend!$A$73, Legend!$B$73, IF(J25=Legend!$A$74, Legend!$B$74, ""))))))))))) -> 35 | L25: 35
A26: 45561 | B26: CEL | C26: OL | D26: 2 | E26: 1 | F26: 1 | G26: 45573 | H26: CW | I26: 4 | J26: Pinus cembra | K26: =IF(J26=Legend!$A$66,Legend!$B$66,(IF(J26=Legend!$A$67,Legend!$B$67,IF(J26=Legend!$A$68, Legend!$B$68, IF(J26=Legend!$A$69, Legend!$B$69, IF(J26=Legend!$A$70, Legend!$B$70, IF(J26=Legend!$A$71, Legend!$B$71, IF(J26=Legend!$A$72, Legend!$B$72, (IF(J26=Legend!$A$73, Legend!$B$73, IF(J26=Legend!$A$74, Legend!$B$74, ""))))))))))) -> 3 | L26: 3 | O26: 52 ants, 12 other insects
A27: 45561 | B27: CEL | C27: OL | D27: 2 | E27: 1 | F27: 1 | G27: 45573 | H27: CW | I27: 4 | J27: Larix decidua | K27: =IF(J27=Legend!$A$66,Legend!$B$66,(IF(J27=Legend!$A$67,Legend!$B$67,IF(J27=Legend!$A$68, Legend!$B$68, IF(J27=Legend!$A$69, Legend!$B$69, IF(J27=Legend!$A$70, Legend!$B$70, IF(J27=Legend!$A$71, Legend!$B$71, IF(J27=Legend!$A$72, Legend!$B$72, (IF(J27=Legend!$A$73, Legend!$B$73, IF(J27=Legend!$A$74, Legend!$B$74, ""))))))))))) -> 120 | L27: 120 | M27: 4 | N27: Hole and Crack
A28: 45561 | B28: CEL | C28: OL | D28: 2 | E28: 1 | F28: 2 | G28: 45573 | H28: CW | I28: 4 | J28: Pinus cembra | K28: =IF(J28=Legend!$A$66,Legend!$B$66,(IF(J28=Legend!$A$67,Legend!$B$67,IF(J28=Legend!$A$68, Legend!$B$68, IF(J28=Legend!$A$69, Legend!$B$69, IF(J28=Legend!$A$70, Legend!$B$70, IF(J28=Legend!$A$71, Legend!$B$71, IF(J28=Legend!$A$72, Legend!$B$72, (IF(J28=Legend!$A$73, Legend!$B$73, IF(J28=Legend!$A$74, Legend!$B$74, ""))))))))))) -> 3 | L28: 3 | O28: 1 ant, 7 other insects
A29: 45561 | B29: CEL | C29: OL | D29: 2 | E29: 1 | F29: 2 | G29: 45573 | H29: CW | I29: 4 | J29: Larix decidua | K29: =IF(J29=Legend!$A$66,Legend!$B$66,(IF(J29=Legend!$A$67,Legend!$B$67,IF(J29=Legend!$A$68, Legend!$B$68, IF(J29=Legend!$A$69, Legend!$B$69, IF(J29=Legend!$A$70, Legend!$B$70, IF(J29=Legend!$A$71, Legend!$B$71, IF(J29=Legend!$A$72, Legend!$B$72, (IF(J29=Legend!$A$73, Legend!$B$73, IF(J29=Legend!$A$74, Legend!$B$74, ""))))))))))) -> 120 | L29: 120
A30: 45561 | B30: CEL | C30: OL | D30: 2 | E30: 2 | F30: 1 | G30: 45573 | H30: CW | I30: 4 | J30: Pinus cembra | K30: =IF(J30=Legend!$A$66,Legend!$B$66,(IF(J30=Legend!$A$67,Legend!$B$67,IF(J30=Legend!$A$68, Legend!$B$68, IF(J30=Legend!$A$69, Legend!$B$69, IF(J30=Legend!$A$70, Legend!$B$70, IF(J30=Legend!$A$71, Legend!$B$71, IF(J30=Legend!$A$72, Legend!$B$72, (IF(J30=Legend!$A$73, Legend!$B$73, IF(J30=Legend!$A$74, Legend!$B$74, ""))))))))))) -> 3 | L30: 3
A31: 45561 | B31: CEL | C31: OL | D31: 2 | E31: 2 | F31: 1 | G31: 45573 | H31: CW | I31: 4 | J31: Larix decidua | K31: =IF(J31=Legend!$A$66,Legend!$B$66,(IF(J31=Legend!$A$67,Legend!$B$67,IF(J31=Legend!$A$68, Legend!$B$68, IF(J31=Legend!$A$69, Legend!$B$69, IF(J31=Legend!$A$70, Legend!$B$70, IF(J31=Legend!$A$71, Legend!$B$71, IF(J31=Legend!$A$72, Legend!$B$72, (IF(J31=Legend!$A$73, Legend!$B$73, IF(J31=Legend!$A$74, Legend!$B$74, ""))))))))))) -> 120 | L31: 120 | M31: 4 | N31: Hole
A32: 45561 | B32: CEL | C32: OL | D32: 2 | E32: 2 | F32: 2 | G32: 45573 | H32: CW | I32: 4 | J32: Pinus cembra | K32: =IF(J32=Legend!$A$66,Legend!$B$66,(IF(J32=Legend!$A$67,Legend!$B$67,IF(J32=Legend!$A$68, Legend!$B$68, IF(J32=Legend!$A$69, Legend!$B$69, IF(J32=Legend!$A$70, Legend!$B$70, IF(J32=Legend!$A$71, Legend!$B$71, IF(J32=Legend!$A$72, Legend!$B$72, (IF(J32=Legend!$A$73, Legend!$B$73, IF(J32=Legend!$A$74, Legend!$B$74, ""))))))))))) -> 3 | L32: 3
A33: 45561 | B33: CEL | C33: OL | D33: 2 | E33: 2 | F33: 2 | G33: 45573 | H33: CW | I33: 4 | J33: Larix decidua | K33: =IF(J33=Legend!$A$66,Legend!$B$66,(IF(J33=Legend!$A$67,Legend!$B$67,IF(J33=Legend!$A$68, Legend!$B$68, IF(J33=Legend!$A$69, Legend!$B$69, IF(J33=Legend!$A$70, Legend!$B$70, IF(J33=Legend!$A$71, Legend!$B$71, IF(J33=Legend!$A$72, Legend!$B$72, (IF(J33=Legend!$A$73, Legend!$B$73, IF(J33=Legend!$A$74, Legend!$B$74, ""))))))))))) -> 120 | L33: 120 | M33: 2 | N33: Hole and Crack
A34: 45561 | B34: CEL | C34: OL | D34: 2 | E34: 5 | F34: 1 | G34: 45573 | H34: CW | I34: 4 | J34: Pinus cembra | K34: =IF(J34=Legend!$A$66,Legend!$B$66,(IF(J34=Legend!$A$67,Legend!$B$67,IF(J34=Legend!$A$68, Legend!$B$68, IF(J34=Legend!$A$69, Legend!$B$69, IF(J34=Legend!$A$70, Legend!$B$70, IF(J34=Legend!$A$71, Legend!$B$71, IF(J34=Legend!$A$72, Legend!$B$72, (IF(J34=Legend!$A$73, Legend!$B$73, IF(J34=Legend!$A$74, Legend!$B$74, ""))))))))))) -> 3 | L34: 3 | O34: 4 ants, 15 other insects
A35: 45561 | B35: CEL | C35: OL | D35: 2 | E35: 5 | F35: 1 | G35: 45573 | H35: CW | I35: 4 | J35: Larix decidua | K35: =IF(J35=Legend!$A$66,Legend!$B$66,(IF(J35=Legend!$A$67,Legend!$B$67,IF(J35=Legend!$A$68, Legend!$B$68, IF(J35=Legend!$A$69, Legend!$B$69, IF(J35=Legend!$A$70, Legend!$B$70, IF(J35=Legend!$A$71, Legend!$B$71, IF(J35=Legend!$A$72, Legend!$B$72, (IF(J35=Legend!$A$73, Legend!$B$73, IF(J35=Legend!$A$74, Legend!$B$74, ""))))))))))) -> 120 | L35: 120 | M35: 4 | N35: Hole and Crack
A36: 45561 | B36: CEL | C36: OL | D36: 2 | E36: 5 | F36: 2 | G36: 45573 | H36: CW | I36: 4 | J36: Pinus cembra | K36: =IF(J36=Legend!$A$66,Legend!$B$66,(IF(J36=Legend!$A$67,Legend!$B$67,IF(J36=Legend!$A$68, Legend!$B$68, IF(J36=Legend!$A$69, Legend!$B$69, IF(J36=Legend!$A$70, Legend!$B$70, IF(J36=Legend!$A$71, Legend!$B$71, IF(J36=Legend!$A$72, Legend!$B$72, (IF(J36=Legend!$A$73, Legend!$B$73, IF(J36=Legend!$A$74, Legend!$B$74, ""))))))))))) -> 3 | L36: 3 | O36: 7 insects
A37: 45561 | B37: CEL | C37: OL | D37: 2 | E37: 5 | F37: 2 | G37: 45573 | H37: CW | I37: 4 | J37: Larix decidua | K37: =IF(J37=Legend!$A$66,Legend!$B$66,(IF(J37=Legend!$A$67,Legend!$B$67,IF(J37=Legend!$A$68, Legend!$B$68, IF(J37=Legend!$A$69, Legend!$B$69, IF(J37=Legend!$A$70, Legend!$B$70, IF(J37=Legend!$A$71, Legend!$B$71, IF(J37=Legend!$A$72, Legend!$B$72, (IF(J37=Legend!$A$73, Legend!$B$73, IF(J37=Legend!$A$74, Legend!$B$74, ""))))))))))) -> 120 | L37: 119 | M37: 4 | N37: Hole
A38: 45561 | B38: CEL | C38: OL | D38: 2 | E38: 6 | F38: 1 | G38: 45573 | H38: CW | I38: 4 | J38: Pinus cembra | K38: =IF(J38=Legend!$A$66,Legend!$B$66,(IF(J38=Legend!$A$67,Legend!$B$67,IF(J38=Legend!$A$68, Legend!$B$68, IF(J38=Legend!$A$69, Legend!$B$69, IF(J38=Legend!$A$70, Legend!$B$70, IF(J38=Legend!$A$71, Legend!$B$71, IF(J38=Legend!$A$72, Legend!$B$72, (IF(J38=Legend!$A$73, Legend!$B$73, IF(J38=Legend!$A$74, Legend!$B$74, ""))))))))))) -> 3 | L38: 3 | O38: 7 ants, 3 other insects
A39: 45561 | B39: CEL | C39: OL | D39: 2 | E39: 6 | F39: 1 | G39: 45573 | H39: CW | I39: 4 | J39: Larix decidua | K39: =IF(J39=Legend!$A$66,Legend!$B$66,(IF(J39=Legend!$A$67,Legend!$B$67,IF(J39=Legend!$A$68, Legend!$B$68, IF(J39=Legend!$A$69, Legend!$B$69, IF(J39=Legend!$A$70, Legend!$B$70, IF(J39=Legend!$A$71, Legend!$B$71, IF(J39=Legend!$A$72, Legend!$B$72, (IF(J39=Legend!$A$73, Legend!$B$73, IF(J39=Legend!$A$74, Legend!$B$74, ""))))))))))) -> 120 | L39: 120
A40: 45561 | B40: CEL | C40: OL | D40: 2 | E40: 6 | F40: 2 | G40: 45573 | H40: CW | I40: 4 | J40: Pinus cembra | K40: =IF(J40=Legend!$A$66,Legend!$B$66,(IF(J40=Legend!$A$67,Legend!$B$67,IF(J40=Legend!$A$68, Legend!$B$68, IF(J40=Legend!$A$69, Legend!$B$69, IF(J40=Legend!$A$70, Legend!$B$70, IF(J40=Legend!$A$71, Legend!$B$71, IF(J40=Legend!$A$72, Legend!$B$72, (IF(J40=Legend!$A$73, Legend!$B$73, IF(J40=Legend!$A$74, Legend!$B$74, ""))))))))))) -> 3 | L40: 3
A41: 45561 | B41: CEL | C41: OL | D41: 2 | E41: 6 | F41: 2 | G41: 45573 | H41: CW | I41: 4 | J41: Larix decidua | K41: =IF(J41=Legend!$A$66,Legend!$B$66,(IF(J41=Legend!$A$67,Legend!$B$67,IF(J41=Legend!$A$68, Legend!$B$68, IF(J41=Legend!$A$69, Legend!$B$69, IF(J41=Legend!$A$70, Legend!$B$70, IF(J41=Legend!$A$71, Legend!$B$71, IF(J41=Legend!$A$72, Legend!$B$72, (IF(J41=Legend!$A$73, Legend!$B$73, IF(J41=Legend!$A$74, Legend!$B$74, ""))))))))))) -> 120 | L41: 120
A42: 45561 | B42: CEL | C42: OL | D42: 2 | E42: 7 | F42: 1 | G42: 45573 | H42: CW | I42: 4 | J42: Pinus cembra | K42: =IF(J42=Legend!$A$66,Legend!$B$66,(IF(J42=Legend!$A$67,Legend!$B$67,IF(J42=Legend!$A$68, Legend!$B$68, IF(J42=Legend!$A$69, Legend!$B$69, IF(J42=Legend!$A$70, Legend!$B$70, IF(J42=Legend!$A$71, Legend!$B$71, IF(J42=Legend!$A$72, Legend!$B$72, (IF(J42=Legend!$A$73, Legend!$B$73, IF(J42=Legend!$A$74, Legend!$B$74, ""))))))))))) -> 3 | L42: 3 | O42: 6 ants, 2 other insects
A43: 45561 | B43: CEL | C43: OL | D43: 2 | E43: 7 | F43: 1 | G43: 45573 | H43: CW | I43: 4 | J43: Larix decidua | K43: =IF(J43=Legend!$A$66,Legend!$B$66,(IF(J43=Legend!$A$67,Legend!$B$67,IF(J43=Legend!$A$68, Legend!$B$68, IF(J43=Legend!$A$69, Legend!$B$69, IF(J43=Legend!$A$70, Legend!$B$70, IF(J43=Legend!$A$71, Legend!$B$71, IF(J43=Legend!$A$72, Legend!$B$72, (IF(J43=Legend!$A$73, Legend!$B$73, IF(J43=Legend!$A$74, Legend!$B$74, ""))))))))))) -> 120 | L43: 119 | M43: 3 | N43: Crack
A44: 45561 | B44: CEL | C44: OL | D44: 2 | E44: 7 | F44: 2 | G44: 45573 | H44: CW | I44: 4 | J44: Pinus cembra | K44: =IF(J44=Legend!$A$66,Legend!$B$66,(IF(J44=Legend!$A$67,Legend!$B$67,IF(J44=Legend!$A$68, Legend!$B$68, IF(J44=Legend!$A$69, Legend!$B$69, IF(J44=Legend!$A$70, Legend!$B$70, IF(J44=Legend!$A$71, Legend!$B$71, IF(J44=Legend!$A$72, Legend!$B$72, (IF(J44=Legend!$A$73, Legend!$B$73, IF(J44=Legend!$A$74, Legend!$B$74, ""))))))))))) -> 3 | L44: 3 | O44: 10 insects
A45: 45561 | B45: CEL | C45: OL | D45: 2 | E45: 7 | F45: 2 | G45: 45573 | H45: CW | I45: 4 | J45: Larix decidua | K45: =IF(J45=Legend!$A$66,Legend!$B$66,(IF(J45=Legend!$A$67,Legend!$B$67,IF(J45=Legend!$A$68, Legend!$B$68, IF(J45=Legend!$A$69, Legend!$B$69, IF(J45=Legend!$A$70, Legend!$B$70, IF(J45=Legend!$A$71, Legend!$B$71, IF(J45=Legend!$A$72, Legend!$B$72, (IF(J45=Legend!$A$73, Legend!$B$73, IF(J45=Legend!$A$74, Legend!$B$74, ""))))))))))) -> 120 | L45: 120 | M45: 2 | N45: Hole
A46: 45553 | B46: NAT | C46: EP | D46: 1 | E46: 1 | F46: 1 | G46: 45584 | H46: CW | I46: 6 | J46: Pinus mugo | K46: =IF(J46=Legend!$A$66,Legend!$B$66,(IF(J46=Legend!$A$67,Legend!$B$67,IF(J46=Legend!$A$68, Legend!$B$68, IF(J46=Legend!$A$69, Legend!$B$69, IF(J46=Legend!$A$70, Legend!$B$70, IF(J46=Legend!$A$71, Legend!$B$71, IF(J46=Legend!$A$72, Legend!$B$72, (IF(J46=Legend!$A$73, Legend!$B$73, IF(J46=Legend!$A$74, Legend!$B$74, ""))))))))))) -> 180 | L46: 179 | O46: 2 ants
A47: 45553 | B47: NAT | C47: EP | D47: 1 | E47: 1 | F47: 2 | G47: 45584 | H47: CW | I47: 6 | J47: Pinus mugo | K47: =IF(J47=Legend!$A$66,Legend!$B$66,(IF(J47=Legend!$A$67,Legend!$B$67,IF(J47=Legend!$A$68, Legend!$B$68, IF(J47=Legend!$A$69, Legend!$B$69, IF(J47=Legend!$A$70, Legend!$B$70, IF(J47=Legend!$A$71, Legend!$B$71, IF(J47=Legend!$A$72, Legend!$B$72, (IF(J47=Legend!$A$73, Legend!$B$73, IF(J47=Legend!$A$74, Legend!$B$74, ""))))))))))) -> 180 | L47: 177 | O47: 6 ants, 1 other seed
A48: 45553 | B48: NAT | C48: EP | D48: 1 | E48: 2 | F48: 1 | G48: 45584 | H48: CW | I48: 6 | J48: Pinus mugo | K48: =IF(J48=Legend!$A$66,Legend!$B$66,(IF(J48=Legend!$A$67,Legend!$B$67,IF(J48=Legend!$A$68, Legend!$B$68, IF(J48=Legend!$A$69, Legend!$B$69, IF(J48=Legend!$A$70, Legend!$B$70, IF(J48=Legend!$A$71, Legend!$B$71, IF(J48=Legend!$A$72, Legend!$B$72, (IF(J48=Legend!$A$73, Legend!$B$73, IF(J48=Legend!$A$74, Legend!$B$74, ""))))))))))) -> 180 | L48: 171 | M48: 4 | N48: Crack | O48: 1 ant
A49: 45553 | B49: NAT | C49: EP | D49: 1 | E49: 2 | F49: 2 | G49: 45584 | H49: CW | I49: 6 | J49: Pinus mugo | K49: =IF(J49=Legend!$A$66,Legend!$B$66,(IF(J49=Legend!$A$67,Legend!$B$67,IF(J49=Legend!$A$68, Legend!$B$68, IF(J49=Legend!$A$69, Legend!$B$69, IF(J49=Legend!$A$70, Legend!$B$70, IF(J49=Legend!$A$71, Legend!$B$71, IF(J49=Legend!$A$72, Legend!$B$72, (IF(J49=Legend!$A$73, Legend!$B$73, IF(J49=Legend!$A$74, Legend!$B$74, ""))))))))))) -> 180 | L49: 177 | M49: 1 | N49: Hole | O49: 2 ants, 1 other insect, 1 other seed
A50: 45553 | B50: NAT | C50: EP | D50: 1 | E50: 7 | F50: 1 | G50: 45584 | H50: CW | I50: 6 | J50: Pinus mugo | K50: =IF(J50=Legend!$A$66,Legend!$B$66,(IF(J50=Legend!$A$67,Legend!$B$67,IF(J50=Legend!$A$68, Legend!$B$68, IF(J50=Legend!$A$69, Legend!$B$69, IF(J50=Legend!$A$70, Legend!$B$70, IF(J50=Legend!$A$71, Legend!$B$71, IF(J50=Legend!$A$72, Legend!$B$72, (IF(J50=Legend!$A$73, Legend!$B$73, IF(J50=Legend!$A$74, Legend!$B$74, ""))))))))))) -> 180 | L50: 180 | M50: 2 | N50: Hole and Crack | O50: 1 ant
A51: 45553 | B51: NAT | C51: EP | D51: 1 | E51: 7 | F51: 2 | G51: 45584 | H51: CW | I51: 6 | J51: Pinus mugo | K51: =IF(J51=Legend!$A$66,Legend!$B$66,(IF(J51=Legend!$A$67,Legend!$B$67,IF(J51=Legend!$A$68, Legend!$B$68, IF(J51=Legend!$A$69, Legend!$B$69, IF(J51=Legend!$A$70, Legend!$B$70, IF(J51=Legend!$A$71, Legend!$B$71, IF(J51=Legend!$A$72, Legend!$B$72, (IF(J51=Legend!$A$73, Legend!$B$73, IF(J51=Legend!$A$74, Legend!$B$74, ""))))))))))) -> 180 | L51: 179 | M51: 1 | N51: Crack | O51: 2 ants
A52: 45553 | B52: NAT | C52: EP | D52: 1 | E52: 8 | F52: 1 | G52: 45584 | H52: CW | I52: 6 | J52: Pinus mugo | K52: =IF(J52=Legend!$A$66,Legend!$B$66,(IF(J52=Legend!$A$67,Legend!$B$67,IF(J52=Legend!$A$68, Legend!$B$68, IF(J52=Legend!$A$69, Legend!$B$69, IF(J52=Legend!$A$70, Legend!$B$70, IF(J52=Legend!$A$71, Legend!$B$71, IF(J52=Legend!$A$72, Legend!$B$72, (IF(J52=Legend!$A$73, Legend!$B$73, IF(J52=Legend!$A$74, Legend!$B$74, ""))))))))))) -> 180 | L52: 180
A53: 45553 | B53: NAT | C53: EP | D53: 1 | E53: 8 | F53: 2 | G53: 45584 | H53: CW | I53: 6 | J53: Pinus mugo | K53: =IF(J53=Legend!$A$66,Legend!$B$66,(IF(J53=Legend!$A$67,Legend!$B$67,IF(J53=Legend!$A$68, Legend!$B$68, IF(J53=Legend!$A$69, Legend!$B$69, IF(J53=Legend!$A$70, Legend!$B$70, IF(J53=Legend!$A$71, Legend!$B$71, IF(J53=Legend!$A$72, Legend!$B$72, (IF(J53=Legend!$A$73, Legend!$B$73, IF(J53=Legend!$A$74, Legend!$B$74, ""))))))))))) -> 180 | L53: 179
A54: 45553 | B54: NAT | C54: EP | D54: 1 | E54: 9 | F54: 1 | G54: 45584 | H54: CW | I54: 6 | J54: Pinus mugo | K54: =IF(J54=Legend!$A$66,Legend!$B$66,(IF(J54=Legend!$A$67,Legend!$B$67,IF(J54=Legend!$A$68, Legend!$B$68, IF(J54=Legend!$A$69, Legend!$B$69, IF(J54=Legend!$A$70, Legend!$B$70, IF(J54=Legend!$A$71, Legend!$B$71, IF(J54=Legend!$A$72, Legend!$B$72, (IF(J54=Legend!$A$73, Legend!$B$73, IF(J54=Legend!$A$74, Legend!$B$74, ""))))))))))) -> 180 | L54: 180
A55: 45553 | B55: NAT | C55: EP | D55: 1 | E55: 9 | F55: 2 | G55: 45584 | H55: CW | I55: 6 | J55: Pinus mugo | K55: =IF(J55=Legend!$A$66,Legend!$B$66,(IF(J55=Legend!$A$67,Legend!$B$67,IF(J55=Legend!$A$68, Legend!$B$68, IF(J55=Legend!$A$69, Legend!$B$69, IF(J55=Legend!$A$70, Legend!$B$70, IF(J55=Legend!$A$71, Legend!$B$71, IF(J55=Legend!$A$72, Legend!$B$72, (IF(J55=Legend!$A$73, Legend!$B$73, IF(J55=Legend!$A$74, Legend!$B$74, ""))))))))))) -> 180 | L55: 180 | M55: 1 | N55: Crack | O55: 2 ants
A56: 45553 | B56: NAT | C56: EP | D56: 1 | E56: 10 | F56: 1 | G56: 45584 | H56: CW | I56: 6 | J56: Pinus mugo | K56: =IF(J56=Legend!$A$66,Legend!$B$66,(IF(J56=Legend!$A$67,Legend!$B$67,IF(J56=Legend!$A$68, Legend!$B$68, IF(J56=Legend!$A$69, Legend!$B$69, IF(J56=Legend!$A$70, Legend!$B$70, IF(J56=Legend!$A$71, Legend!$B$71, IF(J56=Legend!$A$72, Legend!$B$72, (IF(J56=Legend!$A$73, Legend!$B$73, IF(J56=Legend!$A$74, Legend!$B$74, ""))))))))))) -> 180 | L56: 180 | O56: 1 ant
A57: 45553 | B57: NAT | C57: EP | D57: 1 | E57: 10 | F57: 2 | G57: 45584 | H57: CW | I57: 6 | J57: Pinus mugo | K57: =IF(J57=Legend!$A$66,Legend!$B$66,(IF(J57=Legend!$A$67,Legend!$B$67,IF(J57=Legend!$A$68, Legend!$B$68, IF(J57=Legend!$A$69, Legend!$B$69, IF(J57=Legend!$A$70, Legend!$B$70, IF(J57=Legend!$A$71, Legend!$B$71, IF(J57=Legend!$A$72, Legend!$B$72, (IF(J57=Legend!$A$73, Legend!$B$73, IF(J57=Legend!$A$74, Legend!$B$74, ""))))))))))) -> 180 | L57: 180 | O57: 2 ants
A58: 45560 | B58: NAT | C58: SG | D58: 2 | E58: 3 | F58: 1 | G58: 45563 | H58: CW | I58: 6 | J58: Pinus mugo | K58: =IF(J58=Legend!$A$66,Legend!$B$66,(IF(J58=Legend!$A$67,Legend!$B$67,IF(J58=Legend!$A$68, Legend!$B$68, IF(J58=Legend!$A$69, Legend!$B$69, IF(J58=Legend!$A$70, Legend!$B$70, IF(J58=Legend!$A$71, Legend!$B$71, IF(J58=Legend!$A$72, Legend!$B$72, (IF(J58=Legend!$A$73, Legend!$B$73, IF(J58=Legend!$A$74, Legend!$B$74, ""))))))))))) -> 180 | L58: 180 | M58: 1 | N58: Hole and Crack | O58: 1 insect
A59: 45560 | B59: NAT | C59: SG | D59: 2 | E59: 3 | F59: 2 | G59: 45563 | H59: CW | I59: 6 | J59: Pinus mugo | K59: =IF(J59=Legend!$A$66,Legend!$B$66,(IF(J59=Legend!$A$67,Legend!$B$67,IF(J59=Legend!$A$68, Legend!$B$68, IF(J59=Legend!$A$69, Legend!$B$69, IF(J59=Legend!$A$70, Legend!$B$70, IF(J59=Legend!$A$71, Legend!$B$71, IF(J59=Legend!$A$72, Legend!$B$72, (IF(J59=Legend!$A$73, Legend!$B$73, IF(J59=Legend!$A$74, Legend!$B$74, ""))))))))))) -> 180 | L59: 180 | O59: 1 insect
A60: 45560 | B60: NAT | C60: SG | D60: 2 | E60: 4 | F60: 1 | G60: 45563 | H60: CW | I60: 6 | J60: Pinus mugo | K60: =IF(J60=Legend!$A$66,Legend!$B$66,(IF(J60=Legend!$A$67,Legend!$B$67,IF(J60=Legend!$A$68, Legend!$B$68, IF(J60=Legend!$A$69, Legend!$B$69, IF(J60=Legend!$A$70, Legend!$B$70, IF(J60=Legend!$A$71, Legend!$B$71, IF(J60=Legend!$A$72, Legend!$B$72, (IF(J60=Legend!$A$73, Legend!$B$73, IF(J60=Legend!$A$74, Legend!$B$74, ""))))))))))) -> 180 | L60: 180 | O60: 2 ants, 2 other insects
A61: 45560 | B61: NAT | C61: SG | D61: 2 | E61: 4 | F61: 2 | G61: 45563 | H61: CW | I61: 6 | J61: Pinus mugo | K61: =IF(J61=Legend!$A$66,Legend!$B$66,(IF(J61=Legend!$A$67,Legend!$B$67,IF(J61=Legend!$A$68, Legend!$B$68, IF(J61=Legend!$A$69, Legend!$B$69, IF(J61=Legend!$A$70, Legend!$B$70, IF(J61=Legend!$A$71, Legend!$B$71, IF(J61=Legend!$A$72, Legend!$B$72, (IF(J61=Legend!$A$73, Legend!$B$73, IF(J61=Legend!$A$74, Legend!$B$74, ""))))))))))) -> 180 | L61: 180 | O61: 2 ants, 2 other insects
A62: 45560 | B62: NAT | C62: SG | D62: 2 | E62: 6 | F62: 1 | G62: 45563 | H62: CW | I62: 6 | J62: Pinus mugo | K62: =IF(J62=Legend!$A$66,Legend!$B$66,(IF(J62=Legend!$A$67,Legend!$B$67,IF(J62=Legend!$A$68, Legend!$B$68, IF(J62=Legend!$A$69, Legend!$B$69, IF(J62=Legend!$A$70, Legend!$B$70, IF(J62=Legend!$A$71, Legend!$B$71, IF(J62=Legend!$A$72, Legend!$B$72, (IF(J62=Legend!$A$73, Legend!$B$73, IF(J62=Legend!$A$74, Legend!$B$74, ""))))))))))) -> 180 | L62: 180 | O62: 1 ant, 2 other insects
A63: 45560 | B63: NAT | C63: SG | D63: 2 | E63: 6 | F63: 2 | G63: 45563 | H63: CW | I63: 6 | J63: Pinus mugo | K63: =IF(J63=Legend!$A$66,Legend!$B$66,(IF(J63=Legend!$A$67,Legend!$B$67,IF(J63=Legend!$A$68, Legend!$B$68, IF(J63=Legend!$A$69, Legend!$B$69, IF(J63=Legend!$A$70, Legend!$B$70, IF(J63=Legend!$A$71, Legend!$B$71, IF(J63=Legend!$A$72, Legend!$B$72, (IF(J63=Legend!$A$73, Legend!$B$73, IF(J63=Legend!$A$74, Legend!$B$74, ""))))))))))) -> 180 | L63: 180 | M63: 1 | N63: Hole | O63: 1 ant, 1 other insect
A64: 45560 | B64: NAT | C64: SG | D64: 2 | E64: 8 | F64: 1 | G64: 45563 | H64: CW | I64: 6 | J64: Pinus mugo | K64: =IF(J64=Legend!$A$66,Legend!$B$66,(IF(J64=Legend!$A$67,Legend!$B$67,IF(J64=Legend!$A$68, Legend!$B$68, IF(J64=Legend!$A$69, Legend!$B$69, IF(J64=Legend!$A$70, Legend!$B$70, IF(J64=Legend!$A$71, Legend!$B$71, IF(J64=Legend!$A$72, Legend!$B$72, (IF(J64=Legend!$A$73, Legend!$B$73, IF(J64=Legend!$A$74, Legend!$B$74, ""))))))))))) -> 180 | L64: 180 | O64: 2 insects
A65: 45560 | B65: NAT | C65: SG | D65: 2 | E65: 8 | F65: 2 | G65: 45563 | H65: CW | I65: 6 | J65: Pinus mugo | K65: =IF(J65=Legend!$A$66,Legend!$B$66,(IF(J65=Legend!$A$67,Legend!$B$67,IF(J65=Legend!$A$68, Legend!$B$68, IF(J65=Legend!$A$69, Legend!$B$69, IF(J65=Legend!$A$70, Legend!$B$70, IF(J65=Legend!$A$71, Legend!$B$71, IF(J65=Legend!$A$72, Legend!$B$72, (IF(J65=Legend!$A$73, Legend!$B$73, IF(J65=Legend!$A$74, Legend!$B$74, ""))))))))))) -> 180 | L65: 180 | M65: 1 | N65: Crack | O65: 1 ant, 2 other
A66: 45560 | B66: NAT | C66: SG | D66: 2 | E66: 9 | F66: 1 | G66: 45563 | H66: CW | I66: 6 | J66: Pinus mugo | K66: =IF(J66=Legend!$A$66,Legend!$B$66,(IF(J66=Legend!$A$67,Legend!$B$67,IF(J66=Legend!$A$68, Legend!$B$68, IF(J66=Legend!$A$69, Legend!$B$69, IF(J66=Legend!$A$70, Legend!$B$70, IF(J66=Legend!$A$71, Legend!$B$71, IF(J66=Legend!$A$72, Legend!$B$72, (IF(J66=Legend!$A$73, Legend!$B$73, IF(J66=Legend!$A$74, Legend!$B$74, ""))))))))))) -> 180 | L66: 180 | M66: 1 | N66: Crack | O66: 1 insect
A67: 45560 | B67: NAT | C67: SG | D67: 2 | E67: 9 | F67: 2 | G67: 45563 | H67: CW | I67: 6 | J67: Pinus mugo | K67: =IF(J67=Legend!$A$66,Legend!$B$66,(IF(J67=Legend!$A$67,Legend!$B$67,IF(J67=Legend!$A$68, Legend!$B$68, IF(J67=Legend!$A$69, Legend!$B$69, IF(J67=Legend!$A$70, Legend!$B$70, IF(J67=Legend!$A$71, Legend!$B$71, IF(J67=Legend!$A$72, Legend!$B$72, (IF(J67=Legend!$A$73, Legend!$B$73, IF(J67=Legend!$A$74, Legend!$B$74, ""))))))))))) -> 180 | L67: 180 | O67: 1 ant, 2 other insects
A68: 45554 | B68: CEL | C68: MD | D68: 1 | E68: 1 | F68: 1 | G68: 45567 | H68: CW | I68: 4 | J68: Pinus cembra | K68: =IF(J68=Legend!$A$66,Legend!$B$66,(IF(J68=Legend!$A$67,Legend!$B$67,IF(J68=Legend!$A$68, Legend!$B$68, IF(J68=Legend!$A$69, Legend!$B$69, IF(J68=Legend!$A$70, Legend!$B$70, IF(J68=Legend!$A$71, Legend!$B$71, IF(J68=Legend!$A$72, Legend!$B$72, (IF(J68=Legend!$A$73, Legend!$B$73, IF(J68=Legend!$A$74, Legend!$B$74, ""))))))))))) -> 3 | L68: 3 | O68: 6 ants, 1 insect
A69: 45554 | B69: CEL | C69: MD | D69: 1 | E69: 1 | F69: 1 | G69: 45567 | H69: CW | I69: 4 | J69: Larix decidua | K69: =IF(J69=Legend!$A$66,Legend!$B$66,(IF(J69=Legend!$A$67,Legend!$B$67,IF(J69=Legend!$A$68, Legend!$B$68, IF(J69=Legend!$A$69, Legend!$B$69, IF(J69=Legend!$A$70, Legend!$B$70, IF(J69=Legend!$A$71, Legend!$B$71, IF(J69=Legend!$A$72, Legend!$B$72, (IF(J69=Legend!$A$73, Legend!$B$73, IF(J69=Legend!$A$74, Legend!$B$74, ""))))))))))) -> 120 | L69: 118 | M69: 4 | N69: Hole and Crack
A70: 45554 | B70: CEL | C70: MD | D70: 1 | E70: 1 | F70: 2 | G70: 45567 | H70: CW | I70: 4 | J70: Pinus cembra | K70: =IF(J70=Legend!$A$66,Legend!$B$66,(IF(J70=Legend!$A$67,Legend!$B$67,IF(J70=Legend!$A$68, Legend!$B$68, IF(J70=Legend!$A$69, Legend!$B$69, IF(J70=Legend!$A$70, Legend!$B$70, IF(J70=Legend!$A$71, Legend!$B$71, IF(J70=Legend!$A$72, Legend!$B$72, (IF(J70=Legend!$A$73, Legend!$B$73, IF(J70=Legend!$A$74, Legend!$B$74, ""))))))))))) -> 3 | L70: 3 | O70: 3 ants, 2 other insects, 1 other seed
A71: 45554 | B71: CEL | C71: MD | D71: 1 | E71: 1 | F71: 2 | G71: 45567 | H71: CW | I71: 4 | J71: Larix decidua | K71: =IF(J71=Legend!$A$66,Legend!$B$66,(IF(J71=Legend!$A$67,Legend!$B$67,IF(J71=Legend!$A$68, Legend!$B$68, IF(J71=Legend!$A$69, Legend!$B$69, IF(J71=Legend!$A$70, Legend!$B$70, IF(J71=Legend!$A$71, Legend!$B$71, IF(J71=Legend!$A$72, Legend!$B$72, (IF(J71=Legend!$A$73, Legend!$B$73, IF(J71=Legend!$A$74, Legend!$B$74, ""))))))))))) -> 120 | L71: 118 | M71: 2 | N71: Hole and Crack
A72: 45554 | B72: CEL | C72: MD | D72: 1 | E72: 2 | F72: 1 | G72: 45567 | H72: CW | I72: 4 | J72: Pinus cembra | K72: =IF(J72=Legend!$A$66,Legend!$B$66,(IF(J72=Legend!$A$67,Legend!$B$67,IF(J72=Legend!$A$68, Legend!$B$68, IF(J72=Legend!$A$69, Legend!$B$69, IF(J72=Legend!$A$70, Legend!$B$70, IF(J72=Legend!$A$71, Legend!$B$71, IF(J72=Legend!$A$72, Legend!$B$72, (IF(J72=Legend!$A$73, Legend!$B$73, IF(J72=Legend!$A$74, Legend!$B$74, ""))))))))))) -> 3 | L72: 3 | O72: 4 insects
A73: 45554 | B73: CEL | C73: MD | D73: 1 | E73: 2 | F73: 1 | G73: 45567 | H73: CW | I73: 4 | J73: Larix decidua | K73: =IF(J73=Legend!$A$66,Legend!$B$66,(IF(J73=Legend!$A$67,Legend!$B$67,IF(J73=Legend!$A$68, Legend!$B$68, IF(J73=Legend!$A$69, Legend!$B$69, IF(J73=Legend!$A$70, Legend!$B$70, IF(J73=Legend!$A$71, Legend!$B$71, IF(J73=Legend!$A$72, Legend!$B$72, (IF(J73=Legend!$A$73, Legend!$B$73, IF(J73=Legend!$A$74, Legend!$B$74, ""))))))))))) -> 120 | L73: 120 | M73: 4 | N73: Hole
A74: 45554 | B74: CEL | C74: MD | D74: 1 | E74: 2 | F74: 2 | G74: 45567 | H74: CW | I74: 4 | J74: Pinus cembra | K74: =IF(J74=Legend!$A$66,Legend!$B$66,(IF(J74=Legend!$A$67,Legend!$B$67,IF(J74=Legend!$A$68, Legend!$B$68, IF(J74=Legend!$A$69, Legend!$B$69, IF(J74=Legend!$A$70, Legend!$B$70, IF(J74=Legend!$A$71, Legend!$B$71, IF(J74=Legend!$A$72, Legend!$B$72, (IF(J74=Legend!$A$73, Legend!$B$73, IF(J74=Legend!$A$74, Legend!$B$74, ""))))))))))) -> 3 | L74: 3 | O74: 3 insects
A75: 45554 | B75: CEL | C75: MD | D75: 1 | E75: 2 | F75: 2 | G75: 45567 | H75: CW | I75: 4 | J75: Larix decidua | K75: =IF(J75=Legend!$A$66,Legend!$B$66,(IF(J75=Legend!$A$67,Legend!$B$67,IF(J75=Legend!$A$68, Legend!$B$68, IF(J75=Legend!$A$69, Legend!$B$69, IF(J75=Legend!$A$70, Legend!$B$70, IF(J75=Legend!$A$71, Legend!$B$71, IF(J75=Legend!$A$72, Legend!$B$72, (IF(J75=Legend!$A$73, Legend!$B$73, IF(J75=Legend!$A$74, Legend!$B$74, ""))))))))))) -> 120 | L75: 120
A76: 45554 | B76: CEL | C76: MD | D76: 1 | E76: 3 | F76: 1 | G76: 45567 | H76: CW | I76: 4 | J76: Pinus cembra | K76: =IF(J76=Legend!$A$66,Legend!$B$66,(IF(J76=Legend!$A$67,Legend!$B$67,IF(J76=Legend!$A$68, Legend!$B$68, IF(J76=Legend!$A$69, Legend!$B$69, IF(J76=Legend!$A$70, Legend!$B$70, IF(J76=Legend!$A$71, Legend!$B$71, IF(J76=Legend!$A$72, Legend!$B$72, (IF(J76=Legend!$A$73, Legend!$B$73, IF(J76=Legend!$A$74, Legend!$B$74, ""))))))))))) -> 3 | L76: 3 | O76: 2 ants, 3 other insects
A77: 45554 | B77: CEL | C77: MD | D77: 1 | E77: 3 | F77: 1 | G77: 45567 | H77: CW | I77: 4 | J77: Larix decidua | K77: =IF(J77=Legend!$A$66,Legend!$B$66,(IF(J77=Legend!$A$67,Legend!$B$67,IF(J77=Legend!$A$68, Legend!$B$68, IF(J77=Legend!$A$69, Legend!$B$69, IF(J77=Legend!$A$70, Legend!$B$70, IF(J77=Legend!$A$71, Legend!$B$71, IF(J77=Legend!$A$72, Legend!$B$72, (IF(J77=Legend!$A$73, Legend!$B$73, IF(J77=Legend!$A$74, Legend!$B$74, ""))))))))))) -> 120 | L77: 118 | M77: 5 | N77: Hole | O77: Half a seed
A78: 45554 | B78: CEL | C78: MD | D78: 1 | E78: 3 | F78: 2 | G78: 45567 | H78: CW | I78: 4 | J78: Pinus cembra | K78: =IF(J78=Legend!$A$66,Legend!$B$66,(IF(J78=Legend!$A$67,Legend!$B$67,IF(J78=Legend!$A$68, Legend!$B$68, IF(J78=Legend!$A$69, Legend!$B$69, IF(J78=Legend!$A$70, Legend!$B$70, IF(J78=Legend!$A$71, Legend!$B$71, IF(J78=Legend!$A$72, Legend!$B$72, (IF(J78=Legend!$A$73, Legend!$B$73, IF(J78=Legend!$A$74, Legend!$B$74, ""))))))))))) -> 3 | L78: 3 | O78: 2 ants
A79: 45554 | B79: CEL | C79: MD | D79: 1 | E79: 3 | F79: 2 | G79: 45567 | H79: CW | I79: 4 | J79: Larix decidua | K79: =IF(J79=Legend!$A$66,Legend!$B$66,(IF(J79=Legend!$A$67,Legend!$B$67,IF(J79=Legend!$A$68, Legend!$B$68, IF(J79=Legend!$A$69, Legend!$B$69, IF(J79=Legend!$A$70, Legend!$B$70, IF(J79=Legend!$A$71, Legend!$B$71, IF(J79=Legend!$A$72, Legend!$B$72, (IF(J79=Legend!$A$73, Legend!$B$73, IF(J79=Legend!$A$74, Legend!$B$74, ""))))))))))) -> 120 | L79: 118 | O79: Half a seed
A80: 45554 | B80: CEL | C80: MD | D80: 1 | E80: 4 | F80: 1 | G80: 45563 | H80: CW | I80: 4 | J80: Pinus cembra | K80: =IF(J80=Legend!$A$66,Legend!$B$66,(IF(J80=Legend!$A$67,Legend!$B$67,IF(J80=Legend!$A$68, Legend!$B$68, IF(J80=Legend!$A$69, Legend!$B$69, IF(J80=Legend!$A$70, Legend!$B$70, IF(J80=Legend!$A$71, Legend!$B$71, IF(J80=Legend!$A$72, Legend!$B$72, (IF(J80=Legend!$A$73, Legend!$B$73, IF(J80=Legend!$A$74, Legend!$B$74, ""))))))))))) -> 3 | L80: 3 | O80: 1 ant, 1 other seed
A81: 45554 | B81: CEL | C81: MD | D81: 1 | E81: 4 | F81: 1 | G81: 45563 | H81: CW | I81: 4 | J81: Larix decidua | K81: =IF(J81=Legend!$A$66,Legend!$B$66,(IF(J81=Legend!$A$67,Legend!$B$67,IF(J81=Legend!$A$68, Legend!$B$68, IF(J81=Legend!$A$69, Legend!$B$69, IF(J81=Legend!$A$70, Legend!$B$70, IF(J81=Legend!$A$71, Legend!$B$71, IF(J81=Legend!$A$72, Legend!$B$72, (IF(J81=Legend!$A$73, Legend!$B$73, IF(J81=Legend!$A$74, Legend!$B$74, ""))))))))))) -> 120 | L81: 120 | M81: 3 | N81: Hole and Crack
A82: 45554 | B82: CEL | C82: MD | D82: 1 | E82: 4 | F82: 2 | G82: 45563 | H82: CW | I82: 4 | J82: Pinus cembra | K82: =IF(J82=Legend!$A$66,Legend!$B$66,(IF(J82=Legend!$A$67,Legend!$B$67,IF(J82=Legend!$A$68, Legend!$B$68, IF(J82=Legend!$A$69, Legend!$B$69, IF(J82=Legend!$A$70, Legend!$B$70, IF(J82=Legend!$A$71, Legend!$B$71, IF(J82=Legend!$A$72, Legend!$B$72, (IF(J82=Legend!$A$73, Legend!$B$73, IF(J82=Legend!$A$74, Legend!$B$74, ""))))))))))) -> 3 | L82: 3 | O82: 4 ants, 1 other insect
A83: 45554 | B83: CEL | C83: MD | D83: 1 | E83: 4 | F83: 2 | G83: 45563 | H83: CW | I83: 4 | J83: Larix decidua | K83: =IF(J83=Legend!$A$66,Legend!$B$66,(IF(J83=Legend!$A$67,Legend!$B$67,IF(J83=Legend!$A$68, Legend!$B$68, IF(J83=Legend!$A$69, Legend!$B$69, IF(J83=Legend!$A$70, Legend!$B$70, IF(J83=Legend!$A$71, Legend!$B$71, IF(J83=Legend!$A$72, Legend!$B$72, (IF(J83=Legend!$A$73, Legend!$B$73, IF(J83=Legend!$A$74, Legend!$B$74, ""))))))))))) -> 120 | L83: 120 | M83: 5 | N83: Hole and crack
A84: 45554 | B84: CEL | C84: MD | D84: 1 | E84: 5 | F84: 1 | G84: 45563 | H84: CW | I84: 4 | J84: Pinus cembra | K84: =IF(J84=Legend!$A$66,Legend!$B$66,(IF(J84=Legend!$A$67,Legend!$B$67,IF(J84=Legend!$A$68, Legend!$B$68, IF(J84=Legend!$A$69, Legend!$B$69, IF(J84=Legend!$A$70, Legend!$B$70, IF(J84=Legend!$A$71, Legend!$B$71, IF(J84=Legend!$A$72, Legend!$B$72, (IF(J84=Legend!$A$73, Legend!$B$73, IF(J84=Legend!$A$74, Legend!$B$74, ""))))))))))) -> 3 | L84: 0
A85: 45554 | B85: CEL | C85: MD | D85: 1 | E85: 5 | F85: 1 | G85: 45563 | H85: CW | I85: 4 | J85: Larix decidua | K85: =IF(J85=Legend!$A$66,Legend!$B$66,(IF(J85=Legend!$A$67,Legend!$B$67,IF(J85=Legend!$A$68, Legend!$B$68, IF(J85=Legend!$A$69, Legend!$B$69, IF(J85=Legend!$A$70, Legend!$B$70, IF(J85=Legend!$A$71, Legend!$B$71, IF(J85=Legend!$A$72, Legend!$B$72, (IF(J85=Legend!$A$73, Legend!$B$73, IF(J85=Legend!$A$74, Legend!$B$74, ""))))))))))) -> 120 | L85: 118
A86: 45554 | B86: CEL | C86: MD | D86: 1 | E86: 5 | F86: 2 | G86: 45563 | H86: CW | I86: 4 | J86: Pinus cembra | K86: =IF(J86=Legend!$A$66,Legend!$B$66,(IF(J86=Legend!$A$67,Legend!$B$67,IF(J86=Legend!$A$68, Legend!$B$68, IF(J86=Legend!$A$69, Legend!$B$69, IF(J86=Legend!$A$70, Legend!$B$70, IF(J86=Legend!$A$71, Legend!$B$71, IF(J86=Legend!$A$72, Legend!$B$72, (IF(J86=Legend!$A$73, Legend!$B$73, IF(J86=Legend!$A$74, Legend!$B$74, ""))))))))))) -> 3 | L86: 3
A87: 45554 | B87: CEL | C87: MD | D87: 1 | E87: 5 | F87: 2 | G87: 45563 | H87: CW | I87: 4 | J87: Larix decidua | K87: =IF(J87=Legend!$A$66,Legend!$B$66,(IF(J87=Legend!$A$67,Legend!$B$67,IF(J87=Legend!$A$68, Legend!$B$68, IF(J87=Legend!$A$69, Legend!$B$69, IF(J87=Legend!$A$70, Legend!$B$70, IF(J87=Legend!$A$71, Legend!$B$71, IF(J87=Legend!$A$72, Legend!$B$72, (IF(J87=Legend!$A$73, Legend!$B$73, IF(J87=Legend!$A$74, Legend!$B$74, ""))))))))))) -> 120 | L87: 120
A88: 45553 | B88: SCH | D88: 1 | E88: 4 | F88: 1 | G88: 45587 | H88: CW | I88: 3 | J88: Abies alba | K88: =IF(J88=Legend!$A$66,Legend!$B$66,(IF(J88=Legend!$A$67,Legend!$B$67,IF(J88=Legend!$A$68, Legend!$B$68, IF(J88=Legend!$A$69, Legend!$B$69, IF(J88=Legend!$A$70, Legend!$B$70, IF(J88=Legend!$A$71, Legend!$B$71, IF(J88=Legend!$A$72, Legend!$B$72, (IF(J88=Legend!$A$73, Legend!$B$73, IF(J88=Legend!$A$74, Legend!$B$74, ""))))))))))) -> 25 | L88: 25
A89: 45553 | B89: SCH | D89: 1 | E89: 4 | F89: 1 | G89: 45587 | H89: CW | I89: 3 | J89: Fagus sylvatica | K89: =IF(J89=Legend!$A$66,Legend!$B$66,(IF(J89=Legend!$A$67,Legend!$B$67,IF(J89=Legend!$A$68, Legend!$B$68, IF(J89=Legend!$A$69, Legend!$B$69, IF(J89=Legend!$A$70, Legend!$B$70, IF(J89=Legend!$A$71, Legend!$B$71, IF(J89=Legend!$A$72, Legend!$B$72, (IF(J89=Legend!$A$73, Legend!$B$73, IF(J89=Legend!$A$74, Legend!$B$74, ""))))))))))) -> 5 | L89: 5
A90: 45553 | B90: SCH | D90: 1 | E90: 4 | F90: 1 | G90: 45587 | H90: CW | I90: 3 | J90: Acer pseudoplatanus | K90: =IF(J90=Legend!$A$66,Legend!$B$66,(IF(J90=Legend!$A$67,Legend!$B$67,IF(J90=Legend!$A$68, Legend!$B$68, IF(J90=Legend!$A$69, Legend!$B$69, IF(J90=Legend!$A$70, Legend!$B$70, IF(J90=Legend!$A$71, Legend!$B$71, IF(J90=Legend!$A$72, Legend!$B$72, (IF(J90=Legend!$A$73, Legend!$B$73, IF(J90=Legend!$A$74, Legend!$B$74, ""))))))))))) -> 9 | L90: 9
A91: 45553 | B91: SCH | D91: 1 | E91: 4 | F91: 2 | G91: 45587 | H91: CW | I91: 3 | J91: Abies alba | K91: =IF(J91=Legend!$A$66,Legend!$B$66,(IF(J91=Legend!$A$67,Legend!$B$67,IF(J91=Legend!$A$68, Legend!$B$68, IF(J91=Legend!$A$69, Legend!$B$69, IF(J91=Legend!$A$70, Legend!$B$70, IF(J91=Legend!$A$71, Legend!$B$71, IF(J91=Legend!$A$72, Legend!$B$72, (IF(J91=Legend!$A$73, Legend!$B$73, IF(J91=Legend!$A$74, Legend!$B$74, ""))))))))))) -> 25 | L91: 25
A92: 45553 | B92: SCH | D92: 1 | E92: 4 | F92: 2 | G92: 45587 | H92: CW | I92: 3 | J92: Fagus sylvatica | K92: =IF(J92=Legend!$A$66,Legend!$B$66,(IF(J92=Legend!$A$67,Legend!$B$67,IF(J92=Legend!$A$68, Legend!$B$68, IF(J92=Legend!$A$69, Legend!$B$69, IF(J92=Legend!$A$70, Legend!$B$70, IF(J92=Legend!$A$71, Legend!$B$71, IF(J92=Legend!$A$72, Legend!$B$72, (IF(J92=Legend!$A$73, Legend!$B$73, IF(J92=Legend!$A$74, Legend!$B$74, ""))))))))))) -> 5 | L92: 5
A93: 45553 | B93: SCH | D93: 1 | E93: 4 | F93: 2 | G93: 45587 | H93: CW | I93: 3 | J93: Acer pseudoplatanus | K93: =IF(J93=Legend!$A$66,Legend!$B$66,(IF(J93=Legend!$A$67,Legend!$B$67,IF(J93=Legend!$A$68, Legend!$B$68, IF(J93=Legend!$A$69, Legend!$B$69, IF(J93=Legend!$A$70, Legend!$B$70, IF(J93=Legend!$A$71, Legend!$B$71, IF(J93=Legend!$A$72, Legend!$B$72, (IF(J93=Legend!$A$73, Legend!$B$73, IF(J93=Legend!$A$74, Legend!$B$74, ""))))))))))) -> 9 | L93: 9
A94: 45553 | B94: SCH | D94: 1 | E94: 6 | F94: 1 | G94: 45587 | H94: CW | I94: 3 | J94: Abies alba | K94: =IF(J94=Legend!$A$66,Legend!$B$66,(IF(J94=Legend!$A$67,Legend!$B$67,IF(J94=Legend!$A$68, Legend!$B$68, IF(J94=Legend!$A$69, Legend!$B$69, IF(J94=Legend!$A$70, Legend!$B$70, IF(J94=Legend!$A$71, Legend!$B$71, IF(J94=Legend!$A$72, Legend!$B$72, (IF(J94=Legend!$A$73, Legend!$B$73, IF(J94=Legend!$A$74, Legend!$B$74, ""))))))))))) -> 25 | L94: 25 | M94: 1 | N94: Hole | O94: 3 ants
A95: 45553 | B95: SCH | D95: 1 | E95: 6 | F95: 1 | G95: 45587 | H95: CW | I95: 3 | J95: Fagus sylvatica | K95: =IF(J95=Legend!$A$66,Legend!$B$66,(IF(J95=Legend!$A$67,Legend!$B$67,IF(J95=Legend!$A$68, Legend!$B$68, IF(J95=Legend!$A$69, Legend!$B$69, IF(J95=Legend!$A$70, Legend!$B$70, IF(J95=Legend!$A$71, Legend!$B$71, IF(J95=Legend!$A$72, Legend!$B$72, (IF(J95=Legend!$A$73, Legend!$B$73, IF(J95=Legend!$A$74, Legend!$B$74, ""))))))))))) -> 5 | L95: 5
A96: 45553 | B96: SCH | D96: 1 | E96: 6 | F96: 1 | G96: 45587 | H96: CW | I96: 3 | J96: Acer pseudoplatanus | K96: =IF(J96=Legend!$A$66,Legend!$B$66,(IF(J96=Legend!$A$67,Legend!$B$67,IF(J96=Legend!$A$68, Legend!$B$68, IF(J96=Legend!$A$69, Legend!$B$69, IF(J96=Legend!$A$70, Legend!$B$70, IF(J96=Legend!$A$71, Legend!$B$71, IF(J96=Legend!$A$72, Legend!$B$72, (IF(J96=Legend!$A$73, Legend!$B$73, IF(J96=Legend!$A$74, Legend!$B$74, ""))))))))))) -> 9 | L96: 9 | M96: 1 | N96: Crack
A97: 45553 | B97: SCH | D97: 1 | E97: 6 | F97: 2 | G97: 45587 | H97: CW | I97: 3 | J97: Abies alba | K97: =IF(J97=Legend!$A$66,Legend!$B$66,(IF(J97=Legend!$A$67,Legend!$B$67,IF(J97=Legend!$A$68, Legend!$B$68, IF(J97=Legend!$A$69, Legend!$B$69, IF(J97=Legend!$A$70, Legend!$B$70, IF(J97=Legend!$A$71, Legend!$B$71, IF(J97=Legend!$A$72, Legend!$B$72, (IF(J97=Legend!$A$73, Legend!$B$73, IF(J97=Legend!$A$74, Legend!$B$74, ""))))))))))) -> 25 | L97: 25
A98: 45553 | B98: SCH | D98: 1 | E98: 6 | F98: 2 | G98: 45587 | H98: CW | I98: 3 | J98: Fagus sylvatica | K98: =IF(J98=Legend!$A$66,Legend!$B$66,(IF(J98=Legend!$A$67,Legend!$B$67,IF(J98=Legend!$A$68, Legend!$B$68, IF(J98=Legend!$A$69, Legend!$B$69, IF(J98=Legend!$A$70, Legend!$B$70, IF(J98=Legend!$A$71, Legend!$B$71, IF(J98=Legend!$A$72, Legend!$B$72, (IF(J98=Legend!$A$73, Legend!$B$73, IF(J98=Legend!$A$74, Legend!$B$74, ""))))))))))) -> 5 | L98: 5
A99: 45553 | B99: SCH | D99: 1 | E99: 6 | F99: 2 | G99: 45587 | H99: CW | I99: 3 | J99: Acer pseudoplatanus | K99: =IF(J99=Legend!$A$66,Legend!$B$66,(IF(J99=Legend!$A$67,Legend!$B$67,IF(J99=Legend!$A$68, Legend!$B$68, IF(J99=Legend!$A$69, Legend!$B$69, IF(J99=Legend!$A$70, Legend!$B$70, IF(J99=Legend!$A$71, Legend!$B$71, IF(J99=Legend!$A$72, Legend!$B$72, (IF(J99=Legend!$A$73, Legend!$B$73, IF(J99=Legend!$A$74, Legend!$B$74, ""))))))))))) -> 9 | L99: 9 | M99: 2 | N99: Crack
A100: 45553 | B100: SCH | D100: 1 | E100: 7 | F100: 1 | G100: 45587 | H100: CW | I100: 3 | J100: Abies alba | K100: =IF(J100=Legend!$A$66,Legend!$B$66,(IF(J100=Legend!$A$67,Legend!$B$67,IF(J100=Legend!$A$68, Legend!$B$68, IF(J100=Legend!$A$69, Legend!$B$69, IF(J100=Legend!$A$70, Legend!$B$70, IF(J100=Legend!$A$71, Legend!$B$71, IF(J100=Legend!$A$72, Legend!$B$72, (IF(J100=Legend!$A$73, Legend!$B$73, IF(J100=Legend!$A$74, Legend!$B$74, ""))))))))))) -> 25 | L100: 25
...

Sheet Legend
A1: SEED SORTING DATASHEET INSTRUCTIONS
A3: How to save the data
A4: Access the polybox, in the 'Shared_SPP_CH' folder you can find the 'SeedSortingTemplate.xlsx' file.
A5: Download the file.
A6: Rename the file like this: "SeedSorting_Autumn24_<DDMMYYYY>_<YourInitials>.xlsx
A7: Upload the file in the polybox into this folder: Shared_SPP_CH>SeedSorting>SeedSortingData
A9: DateBag | B9: Date in the format dd/mm/yyyy
A11: Site
A12: BEA | B12: Beatenberg
A13: BET | B13: Bettlachstock
A14: CEL | B14: Celerina
A15: NAT | B15: Nationalpark
A16: NEU | B16: Neunkirch
A17: SCH | B17: Schänis
A18: VOR | B18: Vordemwald
A19: WAL | B19: Waldlabor
A21: ID | B21: Initials of the people collecting the seeds (check the paper bag)
A22: MD
A23: SG
A24: EP
A25: OL
A26: JN
A27: LW
A28: MD&SG
A29: MD&EP
A30: EP&SG | B30: if you find other initials add them with the simbol & in between
A32: Week
A33: 1
A34: 2
A35: 3
A37: Station | B37: number between 1 and 10
A38: 1
A39: 2
A40: 3
A41: 4
A42: 5
A43: 6
A44: 7
A45: 8
A46: 9
A47: 10
A49: TreatmentID
A50: 1 | B50: OpenEntryBox
A51: 2 | B51: CloseEntryBox
A53: DateSorting | B53: Date in the format dd/mm/yyyy
A55: SorterID | B55: Name and surname initials
A57: SpeciesTreatmentNr | B57: Species | C57: Site
A58: 1 | B58: Abies alba, Fagus sylvatica, Picea abies | C58: WAL, VOR, BEA
A59: 2 | B59: Tilia cordata, Fagus sylvatica, Acer pseudoplatanus | C59: NEU
A60: 3 | B60: Abies alba, Fagus sylvatica, Acer pseudoplatanus | C60: SCH
A61: 4 | B61: Pinus cembra, Larix decidua | C61: CEL
A62: 5 | B62: Abies alba, Picea abies | C62: BEA
A63: 6 | B63: Pinus mugo | C63: NAT
A65: Species | B65: Nr Seeds start (you should never be able to count more seeds than this amount, if there are more, please add a note, that means that there was a mistake)
A66: Abies alba | B66: 25
A67: Fagus sylvatica | B67: 5
A68: Tillia cordata | B68: 35
A69: Picea abies | B69: 120
A70: Acer pseudoplatanus | B70: 9
A71: Pinus cembra | B71: 3
A72: Larix decidua | B72: 120
A73: Abies alba | B73: 25
A74: Pinus mugo | B74: 180
A76: NbSeedStart | B76: Number of seeds originally in the box. Check the rows above or the table at the end. This field is automatically filled on the excel datasheet and cannot be edited.
A78: SeedsCount | B78: count of the seeds for each species
B79: you should never be able to count more seeds than this amount, if there are more, please add a note, that means that there was a mistake
A81: DamagedSeedsCount | B81: count of seeds with signs of predation eg: small holes or cracks. Do not count seeds coat.
A83: SignsPredation | B83: report signs of predation on seeds
A84: Hole
A85: Crack
A86: Hole and Crack
A88: Notes
A89: a.Dead ants
A90: b. Presence of animal dejection
A91: c. Other notes, write
